{"version": "1", "message": "ERROR: Hidden Testcases server unreachable.", "problem_id": "ads2_m4_a1_1", "user_id": "jprasanthkumar28", "score": {"sample": {"0": {"execution_time": 1.747037649154663, "passed": true}, "1": {"execution_time": 0.4883463382720947, "passed": true}, "2": {"execution_time": 0.43639183044433594, "passed": true}, "3": {"execution_time": 0.7923629283905029, "passed": true}, "4": {"execution_time": 0.41860437393188477, "passed": true}, "5": {"execution_time": 0.2709040641784668, "passed": true}, "6": {"execution_time": 0.24847078323364258, "passed": true}, "7": {"execution_time": 0.23300671577453613, "passed": true}, "8": {"execution_time": 0.2631351947784424, "passed": true}, "9": {"execution_time": 0.2790353298187256, "passed": true}, "10": {"execution_time": 0.23203134536743164, "passed": true}, "11": {"execution_time": 0.1976478099822998, "passed": true}, "12": {"execution_time": 0.20748281478881836, "passed": true}, "13": {"execution_time": 2.0731735229492188, "passed": true}, "14": {"execution_time": 0.2046375274658203, "passed": true}}}, "check_style_score": "0/1"}