{"version": "1", "message": "ERROR: Hidden Testcases server unreachable.", "problem_id": "ads2_m4_a1_1", "user_id": "jprasanthkumar28", "score": {"sample": {"0": {"execution_time": 0.24854159355163574, "passed": true}, "1": {"execution_time": 0.2586829662322998, "passed": true}, "2": {"execution_time": 0.2798607349395752, "passed": true}, "3": {"execution_time": 0.31398797035217285, "passed": true}, "4": {"execution_time": 0.22015738487243652, "passed": true}, "5": {"execution_time": 0.22215890884399414, "passed": true}, "6": {"execution_time": 0.2151784896850586, "passed": true}, "7": {"execution_time": 0.22908377647399902, "passed": true}, "8": {"execution_time": 0.2808408737182617, "passed": true}, "9": {"execution_time": 0.20125484466552734, "passed": true}, "10": {"execution_time": 0.20664548873901367, "passed": true}, "11": {"execution_time": 0.1991429328918457, "passed": true}, "12": {"execution_time": 0.20091915130615234, "passed": true}, "13": {"execution_time": 1.3717601299285889, "passed": true}, "14": {"execution_time": 0.26642489433288574, "passed": true}}}, "check_style_score": "0/1"}