{"version": "1", "message": "ERROR: Hidden Testcases server unreachable.", "problem_id": "ads2_m4_a1_1", "user_id": "jprasanthkumar28", "score": {"sample": {"0": {"execution_time": 0.19313955307006836, "passed": false}, "1": {"execution_time": 0.22769522666931152, "passed": false}, "2": {"execution_time": 0.2567288875579834, "passed": false}, "3": {"execution_time": 0.3617558479309082, "passed": false}, "4": {"execution_time": 0.19491338729858398, "passed": false}, "5": {"execution_time": 0.18812942504882812, "passed": false}, "6": {"execution_time": 0.23216485977172852, "passed": false}, "7": {"execution_time": 0.19414019584655762, "passed": false}, "8": {"execution_time": 0.19413971900939941, "passed": false}, "9": {"execution_time": 0.21415185928344727, "passed": false}, "10": {"execution_time": 0.22516107559204102, "passed": false}, "11": {"execution_time": 0.20214366912841797, "passed": true}, "12": {"execution_time": 0.199141263961792, "passed": true}, "13": {"execution_time": 1.2000555992126465, "passed": false}, "14": {"execution_time": 0.19764184951782227, "passed": false}}}, "check_style_score": "0/1"}