{"version": "1", "message": "ERROR: Hidden Testcases server unreachable.", "problem_id": "ads2_m4_a1_1", "user_id": "jprasanthkumar28", "score": {"sample": {"0": {"execution_time": 0.2596852779388428, "passed": true}, "1": {"execution_time": 0.2616856098175049, "passed": true}, "2": {"execution_time": 0.2980051040649414, "passed": true}, "3": {"execution_time": 0.3135836124420166, "passed": true}, "4": {"execution_time": 0.2304234504699707, "passed": true}, "5": {"execution_time": 0.23177695274353027, "passed": true}, "6": {"execution_time": 0.23419570922851562, "passed": true}, "7": {"execution_time": 0.24016952514648438, "passed": true}, "8": {"execution_time": 0.26157450675964355, "passed": true}, "9": {"execution_time": 0.21728944778442383, "passed": true}, "10": {"execution_time": 0.20687603950500488, "passed": true}, "11": {"execution_time": 0.21515226364135742, "passed": true}, "12": {"execution_time": 0.2086474895477295, "passed": true}, "13": {"execution_time": 1.5886073112487793, "passed": true}, "14": {"execution_time": 0.20357823371887207, "passed": true}}}, "check_style_score": "0/1"}