{"version": "1", "message": "ERROR: Hidden Testcases server unreachable.", "problem_id": "ads2_m4_a1_1", "user_id": "jprasanthkumar28", "score": {"sample": {"0": {"execution_time": 0.2392122745513916, "passed": true}, "1": {"execution_time": 0.16897916793823242, "passed": false}, "2": {"execution_time": 0.16956067085266113, "passed": false}, "3": {"execution_time": 0.16219568252563477, "passed": false}, "4": {"execution_time": 0.16960525512695312, "passed": false}, "5": {"execution_time": 0.15771269798278809, "passed": false}, "6": {"execution_time": 0.16568851470947266, "passed": false}, "7": {"execution_time": 0.16613984107971191, "passed": false}, "8": {"execution_time": 0.25109028816223145, "passed": true}, "9": {"execution_time": 0.18613266944885254, "passed": true}, "10": {"execution_time": 0.19106483459472656, "passed": true}, "11": {"execution_time": 0.16414666175842285, "passed": true}, "12": {"execution_time": 0.16152215003967285, "passed": true}, "13": {"execution_time": 0.16280245780944824, "passed": false}, "14": {"execution_time": 0.18977832794189453, "passed": true}}}, "check_style_score": "0/1"}