{"version": "1", "message": "ERROR: Hidden Testcases server unreachable.", "problem_id": "ads2_m4_a1_1", "user_id": "jprasanthkumar28", "score": {"sample": {"0": {"execution_time": 0.19696474075317383, "passed": false}, "1": {"execution_time": 0.20528244972229004, "passed": false}, "2": {"execution_time": 0.20059514045715332, "passed": false}, "3": {"execution_time": 0.20625543594360352, "passed": false}, "4": {"execution_time": 0.19868826866149902, "passed": false}, "5": {"execution_time": 0.20178580284118652, "passed": false}, "6": {"execution_time": 0.19648528099060059, "passed": false}, "7": {"execution_time": 0.2032761573791504, "passed": false}, "8": {"execution_time": 0.19463825225830078, "passed": false}, "9": {"execution_time": 0.2083742618560791, "passed": false}, "10": {"execution_time": 0.1871342658996582, "passed": false}, "11": {"execution_time": 0.2095181941986084, "passed": false}, "12": {"execution_time": 0.2058730125427246, "passed": false}, "13": {"execution_time": 0.19808578491210938, "passed": false}, "14": {"execution_time": 0.19835138320922852, "passed": false}}}, "check_style_score": "0/1"}