{"version": "1", "message": "ERROR: Hidden Testcases server unreachable.", "problem_id": "ads2_m4_a1_1", "user_id": "jprasanthkumar28", "score": {"sample": {"0": {"execution_time": 0.5562894344329834, "passed": true}, "1": {"execution_time": 0.21065139770507812, "passed": false}, "2": {"execution_time": 0.2124619483947754, "passed": false}, "3": {"execution_time": 0.2261800765991211, "passed": false}, "4": {"execution_time": 0.2563972473144531, "passed": false}, "5": {"execution_time": 0.249037504196167, "passed": false}, "6": {"execution_time": 0.24339628219604492, "passed": false}, "7": {"execution_time": 0.23816847801208496, "passed": false}, "8": {"execution_time": 0.2566835880279541, "passed": true}, "9": {"execution_time": 0.24617719650268555, "passed": false}, "10": {"execution_time": 0.24176263809204102, "passed": false}, "11": {"execution_time": 0.22782278060913086, "passed": false}, "12": {"execution_time": 0.2641475200653076, "passed": false}, "13": {"execution_time": 0.2529873847961426, "passed": false}, "14": {"execution_time": 0.2441725730895996, "passed": false}}}, "check_style_score": "0/1"}