{"version": "1", "message": "ERROR: Hidden Testcases server unreachable.", "problem_id": "ads2_m4_a1_1", "user_id": "jprasanthkumar28", "score": {"sample": {"0": {"execution_time": 0.24994421005249023, "passed": true}, "1": {"execution_time": 0.2641878128051758, "passed": true}, "2": {"execution_time": 0.28980255126953125, "passed": true}, "3": {"execution_time": 0.3133692741394043, "passed": true}, "4": {"execution_time": 0.23541808128356934, "passed": true}, "5": {"execution_time": 0.23866939544677734, "passed": true}, "6": {"execution_time": 0.2521381378173828, "passed": true}, "7": {"execution_time": 0.23630881309509277, "passed": true}, "8": {"execution_time": 0.2650599479675293, "passed": true}, "9": {"execution_time": 0.20790767669677734, "passed": true}, "10": {"execution_time": 0.24932074546813965, "passed": true}, "11": {"execution_time": 0.22836971282958984, "passed": true}, "12": {"execution_time": 0.25333404541015625, "passed": true}, "13": {"execution_time": 1.5957939624786377, "passed": true}, "14": {"execution_time": 0.20464277267456055, "passed": true}}}, "check_style_score": "0/1"}