{"version": "1", "message": "ERROR: Hidden Testcases server unreachable.", "problem_id": "ads2_m4_a1_1", "user_id": "jprasanthkumar28", "score": {"sample": {"0": {"execution_time": 0.20416665077209473, "passed": false}, "1": {"execution_time": 0.22115588188171387, "passed": false}, "2": {"execution_time": 0.2546403408050537, "passed": false}, "3": {"execution_time": 0.28087854385375977, "passed": false}, "4": {"execution_time": 0.20214319229125977, "passed": false}, "5": {"execution_time": 0.20078396797180176, "passed": false}, "6": {"execution_time": 0.20319795608520508, "passed": false}, "7": {"execution_time": 0.19263601303100586, "passed": false}, "8": {"execution_time": 0.19832491874694824, "passed": false}, "9": {"execution_time": 0.1987299919128418, "passed": false}, "10": {"execution_time": 0.1991410255432129, "passed": false}, "11": {"execution_time": 0.19459843635559082, "passed": true}, "12": {"execution_time": 0.19313859939575195, "passed": true}, "13": {"execution_time": 1.2166049480438232, "passed": false}, "14": {"execution_time": 0.1951751708984375, "passed": false}}}, "check_style_score": "0/1"}