{"version": "1", "message": "ERROR: Hidden Testcases server unreachable.", "problem_id": "ads2_m4_a1_1", "user_id": "jprasanthkumar28", "score": {"sample": {"0": {"execution_time": 0.25164294242858887, "passed": true}, "1": {"execution_time": 0.26636576652526855, "passed": true}, "2": {"execution_time": 0.3025369644165039, "passed": true}, "3": {"execution_time": 0.44481587409973145, "passed": true}, "4": {"execution_time": 0.23566889762878418, "passed": true}, "5": {"execution_time": 0.23166489601135254, "passed": true}, "6": {"execution_time": 0.23812389373779297, "passed": true}, "7": {"execution_time": 0.25287485122680664, "passed": true}, "8": {"execution_time": 0.28304409980773926, "passed": true}, "9": {"execution_time": 0.21346163749694824, "passed": true}, "10": {"execution_time": 0.22110629081726074, "passed": true}, "11": {"execution_time": 0.2193162441253662, "passed": true}, "12": {"execution_time": 0.21515345573425293, "passed": true}, "13": {"execution_time": 1.5719635486602783, "passed": true}, "14": {"execution_time": 0.20392918586730957, "passed": true}}}, "check_style_score": "0/1"}