{"version": "1", "message": "ERROR: Hidden Testcases server unreachable.", "problem_id": "ads2_m4_a1_1", "user_id": "jprasanthkumar28", "score": {"sample": {"0": {"execution_time": 0.25014615058898926, "passed": true}, "1": {"execution_time": 0.2713000774383545, "passed": true}, "2": {"execution_time": 0.29221391677856445, "passed": true}, "3": {"execution_time": 0.31891417503356934, "passed": true}, "4": {"execution_time": 0.2669668197631836, "passed": true}, "5": {"execution_time": 0.23874616622924805, "passed": true}, "6": {"execution_time": 0.23619413375854492, "passed": true}, "7": {"execution_time": 0.23085284233093262, "passed": true}, "8": {"execution_time": 0.26089954376220703, "passed": true}, "9": {"execution_time": 0.21455621719360352, "passed": true}, "10": {"execution_time": 0.22009038925170898, "passed": true}, "11": {"execution_time": 0.21315240859985352, "passed": true}, "12": {"execution_time": 0.21465444564819336, "passed": true}, "13": {"execution_time": 1.4478049278259277, "passed": true}, "14": {"execution_time": 0.19238519668579102, "passed": true}}}, "check_style_score": "0/1"}