{"version": "1", "message": "ERROR: Hidden Testcases server unreachable.", "problem_id": "ads2_m4_a1_1", "user_id": "jprasanthkumar28", "score": {"sample": {"0": {"execution_time": 0.25406718254089355, "passed": true}, "1": {"execution_time": 0.2681884765625, "passed": true}, "2": {"execution_time": 0.29715657234191895, "passed": true}, "3": {"execution_time": 0.31598782539367676, "passed": true}, "4": {"execution_time": 0.2326672077178955, "passed": true}, "5": {"execution_time": 0.251678466796875, "passed": true}, "6": {"execution_time": 0.25359225273132324, "passed": true}, "7": {"execution_time": 0.23628950119018555, "passed": true}, "8": {"execution_time": 0.2565121650695801, "passed": true}, "9": {"execution_time": 0.21515226364135742, "passed": true}, "10": {"execution_time": 0.21165037155151367, "passed": true}, "11": {"execution_time": 0.21315336227416992, "passed": true}, "12": {"execution_time": 0.2134697437286377, "passed": true}, "13": {"execution_time": 1.4923570156097412, "passed": true}, "14": {"execution_time": 0.2026536464691162, "passed": true}}}, "check_style_score": "0/1"}