{"version": "1", "message": "ERROR: Hidden Testcases server unreachable.", "problem_id": "ads2_m4_a1_1", "user_id": "jprasanthkumar28", "score": {"sample": {"0": {"execution_time": 0.2566823959350586, "passed": true}, "1": {"execution_time": 0.27019166946411133, "passed": true}, "2": {"execution_time": 0.32022643089294434, "passed": true}, "3": {"execution_time": 0.31139326095581055, "passed": true}, "4": {"execution_time": 0.21787691116333008, "passed": true}, "5": {"execution_time": 0.2281177043914795, "passed": true}, "6": {"execution_time": 0.23500418663024902, "passed": true}, "7": {"execution_time": 0.23816823959350586, "passed": true}, "8": {"execution_time": 0.24996733665466309, "passed": true}, "9": {"execution_time": 0.20337986946105957, "passed": true}, "10": {"execution_time": 0.19514012336730957, "passed": true}, "11": {"execution_time": 0.20829272270202637, "passed": true}, "12": {"execution_time": 0.18871521949768066, "passed": true}, "13": {"execution_time": 1.4245469570159912, "passed": true}, "14": {"execution_time": 0.204071044921875, "passed": true}}}, "check_style_score": "0/1"}