{"version": "1", "message": "ERROR: Hidden Testcases server unreachable.", "problem_id": "ads2_m4_a1_1", "user_id": "jprasanthkumar28", "score": {"sample": {"0": {"execution_time": 0.27924203872680664, "passed": true}, "1": {"execution_time": 0.25513291358947754, "passed": true}, "2": {"execution_time": 0.30841660499572754, "passed": true}, "3": {"execution_time": 0.31973743438720703, "passed": true}, "4": {"execution_time": 0.2377185821533203, "passed": true}, "5": {"execution_time": 0.23233532905578613, "passed": true}, "6": {"execution_time": 0.25135350227355957, "passed": true}, "7": {"execution_time": 0.23233842849731445, "passed": true}, "8": {"execution_time": 0.2605268955230713, "passed": true}, "9": {"execution_time": 0.2083756923675537, "passed": true}, "10": {"execution_time": 0.23672914505004883, "passed": true}, "11": {"execution_time": 0.2127213478088379, "passed": true}, "12": {"execution_time": 0.2344036102294922, "passed": true}, "13": {"execution_time": 1.5632140636444092, "passed": true}, "14": {"execution_time": 0.1887826919555664, "passed": true}}}, "check_style_score": "0/1"}