{"version": "1", "message": "ERROR: Hidden Testcases server unreachable.", "problem_id": "ads2_m4_a1_1", "user_id": "jprasanthkumar28", "score": {"sample": {"0": {"execution_time": 0.25062108039855957, "passed": true}, "1": {"execution_time": 0.1647200584411621, "passed": false}, "2": {"execution_time": 0.16173171997070312, "passed": false}, "3": {"execution_time": 0.17262935638427734, "passed": false}, "4": {"execution_time": 0.1692826747894287, "passed": false}, "5": {"execution_time": 0.17317628860473633, "passed": false}, "6": {"execution_time": 0.16211485862731934, "passed": false}, "7": {"execution_time": 0.2623140811920166, "passed": false}, "8": {"execution_time": 0.5328068733215332, "passed": true}, "9": {"execution_time": 0.18699169158935547, "passed": true}, "10": {"execution_time": 0.19122552871704102, "passed": true}, "11": {"execution_time": 0.17302465438842773, "passed": false}, "12": {"execution_time": 0.16879010200500488, "passed": false}, "13": {"execution_time": 0.2634437084197998, "passed": false}, "14": {"execution_time": 0.1946420669555664, "passed": true}}}, "check_style_score": "0/1"}