{"version": "1", "message": "ERROR: Hidden Testcases server unreachable.", "problem_id": "ads2_m4_a1_1", "user_id": "jprasanthkumar28", "score": {"sample": {"0": {"execution_time": 0.26793456077575684, "passed": true}, "1": {"execution_time": 0.2491753101348877, "passed": true}, "2": {"execution_time": 0.3014695644378662, "passed": true}, "3": {"execution_time": 0.3114151954650879, "passed": true}, "4": {"execution_time": 0.23166298866271973, "passed": true}, "5": {"execution_time": 0.235825777053833, "passed": true}, "6": {"execution_time": 0.23968863487243652, "passed": true}, "7": {"execution_time": 0.2681846618652344, "passed": true}, "8": {"execution_time": 0.2629575729370117, "passed": true}, "9": {"execution_time": 0.2120378017425537, "passed": true}, "10": {"execution_time": 0.21730351448059082, "passed": true}, "11": {"execution_time": 0.21811866760253906, "passed": true}, "12": {"execution_time": 0.20514512062072754, "passed": true}, "13": {"execution_time": 1.5949573516845703, "passed": true}, "14": {"execution_time": 0.2012786865234375, "passed": true}}}, "check_style_score": "0/1"}