{"version": "1", "message": "ERROR: Hidden Testcases server unreachable.", "problem_id": "ads2_m4_a1_1", "user_id": "jprasanthkumar28", "score": {"sample": {"0": {"execution_time": 0.2426738739013672, "passed": true}, "1": {"execution_time": 0.25824856758117676, "passed": true}, "2": {"execution_time": 0.295135498046875, "passed": true}, "3": {"execution_time": 0.3107128143310547, "passed": true}, "4": {"execution_time": 0.2326655387878418, "passed": true}, "5": {"execution_time": 0.26717114448547363, "passed": true}, "6": {"execution_time": 0.23430681228637695, "passed": true}, "7": {"execution_time": 0.2441716194152832, "passed": true}, "8": {"execution_time": 0.27439188957214355, "passed": true}, "9": {"execution_time": 0.20668292045593262, "passed": true}, "10": {"execution_time": 0.21449899673461914, "passed": true}, "11": {"execution_time": 0.22266101837158203, "passed": true}, "12": {"execution_time": 0.2326657772064209, "passed": true}, "13": {"execution_time": 1.8101496696472168, "passed": true}, "14": {"execution_time": 0.21064972877502441, "passed": true}}}, "check_style_score": "0/1"}