{"version": "1", "message": "ERROR: Hidden Testcases server unreachable.", "problem_id": "ads2_m4_a1_1", "user_id": "jprasanthkumar28", "score": {"sample": {"0": {"execution_time": 0.2446746826171875, "passed": true}, "1": {"execution_time": 0.26468729972839355, "passed": false}, "2": {"execution_time": 0.26731348037719727, "passed": false}, "3": {"execution_time": 0.30315279960632324, "passed": false}, "4": {"execution_time": 0.2089681625366211, "passed": false}, "5": {"execution_time": 0.2119145393371582, "passed": false}, "6": {"execution_time": 0.2115614414215088, "passed": false}, "7": {"execution_time": 0.22564196586608887, "passed": false}, "8": {"execution_time": 0.2566821575164795, "passed": true}, "9": {"execution_time": 0.20830702781677246, "passed": true}, "10": {"execution_time": 0.21215367317199707, "passed": true}, "11": {"execution_time": 0.21704506874084473, "passed": false}, "12": {"execution_time": 0.22063851356506348, "passed": false}, "13": {"execution_time": 1.3061823844909668, "passed": false}, "14": {"execution_time": 0.20221900939941406, "passed": true}}}, "check_style_score": "0/1"}