{"version": "1", "message": "ERROR: Hidden Testcases server unreachable.", "problem_id": "ads2_m4_a1_1", "user_id": "jprasanthkumar28", "score": {"sample": {"0": {"execution_time": 0.2492971420288086, "passed": true}, "1": {"execution_time": 0.32712364196777344, "passed": false}, "2": {"execution_time": 0.17037010192871094, "passed": false}, "3": {"execution_time": 0.1706409454345703, "passed": false}, "4": {"execution_time": 0.17044544219970703, "passed": false}, "5": {"execution_time": 0.16964316368103027, "passed": false}, "6": {"execution_time": 0.24494671821594238, "passed": false}, "7": {"execution_time": 0.1815788745880127, "passed": false}, "8": {"execution_time": 0.23885321617126465, "passed": true}, "9": {"execution_time": 0.20119118690490723, "passed": true}, "10": {"execution_time": 0.20084309577941895, "passed": true}, "11": {"execution_time": 0.17223596572875977, "passed": true}, "12": {"execution_time": 0.17009401321411133, "passed": true}, "13": {"execution_time": 0.18910455703735352, "passed": false}, "14": {"execution_time": 0.20144200325012207, "passed": true}}}, "check_style_score": "0/1"}