{"version": "1", "message": "ERROR: Hidden Testcases server unreachable.", "problem_id": "ads2_m4_a1_1", "user_id": "jprasanthkumar28", "score": {"sample": {"0": {"execution_time": 0.25830078125, "passed": true}, "1": {"execution_time": 0.17212295532226562, "passed": false}, "2": {"execution_time": 0.1941390037536621, "passed": false}, "3": {"execution_time": 0.20664596557617188, "passed": false}, "4": {"execution_time": 0.16152024269104004, "passed": false}, "5": {"execution_time": 0.17769122123718262, "passed": false}, "6": {"execution_time": 0.17325425148010254, "passed": false}, "7": {"execution_time": 0.16911911964416504, "passed": false}, "8": {"execution_time": 0.24067020416259766, "passed": true}, "9": {"execution_time": 0.19731450080871582, "passed": true}, "10": {"execution_time": 0.25267767906188965, "passed": true}, "11": {"execution_time": 0.16711902618408203, "passed": true}, "12": {"execution_time": 0.17013096809387207, "passed": true}, "13": {"execution_time": 0.16661977767944336, "passed": false}, "14": {"execution_time": 0.19013571739196777, "passed": true}}}, "check_style_score": "0/1"}