{"version": "1", "message": "ERROR: Hidden Testcases server unreachable.", "problem_id": "ads2_m4_a1_1", "user_id": "jprasanthkumar28", "score": {"sample": {"0": {"execution_time": 0.24633264541625977, "passed": true}, "1": {"execution_time": 0.26547765731811523, "passed": false}, "2": {"execution_time": 0.352250337600708, "passed": false}, "3": {"execution_time": 0.28070497512817383, "passed": false}, "4": {"execution_time": 0.20160198211669922, "passed": false}, "5": {"execution_time": 0.21854734420776367, "passed": false}, "6": {"execution_time": 0.20173239707946777, "passed": false}, "7": {"execution_time": 0.26621365547180176, "passed": false}, "8": {"execution_time": 0.25553369522094727, "passed": true}, "9": {"execution_time": 0.20488810539245605, "passed": true}, "10": {"execution_time": 0.18889522552490234, "passed": true}, "11": {"execution_time": 0.19690728187561035, "passed": true}, "12": {"execution_time": 0.22094941139221191, "passed": true}, "13": {"execution_time": 1.2784075736999512, "passed": false}, "14": {"execution_time": 0.19564056396484375, "passed": true}}}, "check_style_score": "0/1"}