{"version": "1", "message": "ERROR: Hidden Testcases server unreachable.", "problem_id": "ads2_m4_a1_1", "user_id": "jprasanthkumar28", "score": {"sample": {"0": {"execution_time": 0.30231595039367676, "passed": true}, "1": {"execution_time": 0.2591836452484131, "passed": true}, "2": {"execution_time": 0.3035416603088379, "passed": true}, "3": {"execution_time": 0.31796860694885254, "passed": true}, "4": {"execution_time": 0.24206066131591797, "passed": true}, "5": {"execution_time": 0.21970105171203613, "passed": true}, "6": {"execution_time": 0.24517393112182617, "passed": true}, "7": {"execution_time": 0.2351665496826172, "passed": true}, "8": {"execution_time": 0.2532813549041748, "passed": true}, "9": {"execution_time": 0.2030496597290039, "passed": true}, "10": {"execution_time": 0.21065139770507812, "passed": true}, "11": {"execution_time": 0.2095341682434082, "passed": true}, "12": {"execution_time": 0.21040987968444824, "passed": true}, "13": {"execution_time": 1.5057952404022217, "passed": true}, "14": {"execution_time": 0.20133566856384277, "passed": true}}}, "check_style_score": "0/1"}