{"version": "1", "message": "ERROR: Hidden Testcases server unreachable.", "problem_id": "ads2_m4_a1_1", "user_id": "jprasanthkumar28", "score": {"sample": {"0": {"execution_time": 0.2948944568634033, "passed": true}, "1": {"execution_time": 0.25518155097961426, "passed": true}, "2": {"execution_time": 0.29759764671325684, "passed": true}, "3": {"execution_time": 0.31572389602661133, "passed": true}, "4": {"execution_time": 0.25124120712280273, "passed": true}, "5": {"execution_time": 0.2379302978515625, "passed": true}, "6": {"execution_time": 0.24076008796691895, "passed": true}, "7": {"execution_time": 0.23466706275939941, "passed": true}, "8": {"execution_time": 0.24016833305358887, "passed": true}, "9": {"execution_time": 0.22261667251586914, "passed": true}, "10": {"execution_time": 0.21406316757202148, "passed": true}, "11": {"execution_time": 0.21715497970581055, "passed": true}, "12": {"execution_time": 0.20894455909729004, "passed": true}, "13": {"execution_time": 1.6041319370269775, "passed": true}, "14": {"execution_time": 0.20329904556274414, "passed": true}}}, "check_style_score": "0/1"}