{"version": "1", "message": "ERROR: Hidden Testcases server unreachable.", "problem_id": "ads2_m4_a1_1", "user_id": "jprasanthkumar28", "score": {"sample": {"0": {"execution_time": 0.32378530502319336, "passed": true}, "1": {"execution_time": 0.24989032745361328, "passed": true}, "2": {"execution_time": 0.2972135543823242, "passed": true}, "3": {"execution_time": 0.3273019790649414, "passed": true}, "4": {"execution_time": 0.2371666431427002, "passed": true}, "5": {"execution_time": 0.28870677947998047, "passed": true}, "6": {"execution_time": 0.28609776496887207, "passed": true}, "7": {"execution_time": 0.21677875518798828, "passed": true}, "8": {"execution_time": 0.2522852420806885, "passed": true}, "9": {"execution_time": 0.24811697006225586, "passed": true}, "10": {"execution_time": 0.20009875297546387, "passed": true}, "11": {"execution_time": 0.2018747329711914, "passed": true}, "12": {"execution_time": 0.20046567916870117, "passed": true}, "13": {"execution_time": 1.6342689990997314, "passed": true}, "14": {"execution_time": 0.2800781726837158, "passed": true}}}, "check_style_score": "0/1"}