{"version": "1", "message": "ERROR: Hidden Testcases server unreachable.", "problem_id": "ads2_m4_a1_1", "user_id": "jprasanthkumar28", "score": {"sample": {"0": {"execution_time": 0.2568542957305908, "passed": true}, "1": {"execution_time": 0.1991424560546875, "passed": false}, "2": {"execution_time": 0.20646882057189941, "passed": false}, "3": {"execution_time": 0.20210480690002441, "passed": false}, "4": {"execution_time": 0.3094978332519531, "passed": false}, "5": {"execution_time": 0.24117112159729004, "passed": false}, "6": {"execution_time": 0.2691218852996826, "passed": false}, "7": {"execution_time": 0.23368573188781738, "passed": false}, "8": {"execution_time": 0.2539358139038086, "passed": true}, "9": {"execution_time": 0.38893890380859375, "passed": false}, "10": {"execution_time": 0.24923491477966309, "passed": false}, "11": {"execution_time": 0.22866320610046387, "passed": false}, "12": {"execution_time": 0.25211668014526367, "passed": false}, "13": {"execution_time": 0.19864463806152344, "passed": false}, "14": {"execution_time": 0.196638822555542, "passed": true}}}, "check_style_score": "0/1"}