{"version": "1", "message": "ERROR: Hidden Testcases server unreachable.", "problem_id": "ads2_m2_a1_1", "user_id": "jprasanthkumar28", "score": {"sample": {"0": {"execution_time": 0.44193053245544434, "passed": false}, "1": {"execution_time": 0.17412781715393066, "passed": false}, "2": {"execution_time": 0.1667313575744629, "passed": true}, "3": {"execution_time": 0.1899404525756836, "passed": false}, "4": {"execution_time": 0.2508411407470703, "passed": true}, "5": {"execution_time": 0.17124390602111816, "passed": false}, "6": {"execution_time": 0.1706218719482422, "passed": true}, "7": {"execution_time": 0.17062163352966309, "passed": true}, "8": {"execution_time": 0.17112255096435547, "passed": true}, "9": {"execution_time": 0.16762304306030273, "passed": true}, "10": {"execution_time": 0.16861915588378906, "passed": true}, "11": {"execution_time": 0.16912317276000977, "passed": true}, "12": {"execution_time": 0.17214202880859375, "passed": true}, "13": {"execution_time": 0.16961956024169922, "passed": false}, "14": {"execution_time": 0.17912673950195312, "passed": true}, "15": {"execution_time": 0.19415998458862305, "passed": false}, "16": {"execution_time": 0.3067190647125244, "passed": true}, "17": {"execution_time": 0.23066377639770508, "passed": true}, "18": {"execution_time": 0.20664668083190918, "passed": true}, "19": {"execution_time": 0.22465848922729492, "passed": true}, "20": {"execution_time": 0.2321634292602539, "passed": true}, "21": {"execution_time": 0.18062949180603027, "passed": true}, "22": {"execution_time": 0.25017690658569336, "passed": true}, "23": {"execution_time": 0.2616846561431885, "passed": true}}}, "check_style_score": "0/1"}