{"version": "1", "message": "ERROR: Hidden Testcases server unreachable.", "problem_id": "ads2_m2_a1_1", "user_id": "jprasanthkumar28", "score": {"sample": {"0": {"execution_time": 0.22368621826171875, "passed": true}, "1": {"execution_time": 0.1751232147216797, "passed": true}, "2": {"execution_time": 0.1726231575012207, "passed": true}, "3": {"execution_time": 0.17075037956237793, "passed": true}, "4": {"execution_time": 0.18700003623962402, "passed": true}, "5": {"execution_time": 0.1766819953918457, "passed": true}, "6": {"execution_time": 0.16943979263305664, "passed": true}, "7": {"execution_time": 0.1742260456085205, "passed": true}, "8": {"execution_time": 0.18641400337219238, "passed": true}, "9": {"execution_time": 0.19528746604919434, "passed": true}, "10": {"execution_time": 0.1681199073791504, "passed": true}, "11": {"execution_time": 0.17812633514404297, "passed": true}, "12": {"execution_time": 0.1757948398590088, "passed": true}, "13": {"execution_time": 0.17399024963378906, "passed": true}, "14": {"execution_time": 0.17095017433166504, "passed": true}, "15": {"execution_time": 0.1921381950378418, "passed": true}, "16": {"execution_time": 0.20114421844482422, "passed": true}, "17": {"execution_time": 0.23366951942443848, "passed": true}, "18": {"execution_time": 0.3294544219970703, "passed": true}, "19": {"execution_time": 0.2513878345489502, "passed": true}, "20": {"execution_time": 0.2661919593811035, "passed": true}, "21": {"execution_time": 0.1922764778137207, "passed": true}, "22": {"execution_time": 0.30121397972106934, "passed": false}, "23": {"execution_time": 0.27669644355773926, "passed": true}}}, "check_style_score": "1/1"}