{"version": "1", "message": "ERROR: Hidden Testcases server unreachable.", "problem_id": "ads2_m2_a1_1", "user_id": "jprasanthkumar28", "score": {"sample": {"0": {"execution_time": 0.20653533935546875, "passed": false}, "1": {"execution_time": 0.1681201457977295, "passed": false}, "2": {"execution_time": 0.17362308502197266, "passed": true}, "3": {"execution_time": 0.16661906242370605, "passed": false}, "4": {"execution_time": 0.17088818550109863, "passed": true}, "5": {"execution_time": 0.16709232330322266, "passed": false}, "6": {"execution_time": 0.1686387062072754, "passed": true}, "7": {"execution_time": 0.17669248580932617, "passed": true}, "8": {"execution_time": 0.17129755020141602, "passed": true}, "9": {"execution_time": 0.1680316925048828, "passed": true}, "10": {"execution_time": 0.2902669906616211, "passed": true}, "11": {"execution_time": 0.18837928771972656, "passed": true}, "12": {"execution_time": 0.17112112045288086, "passed": true}, "13": {"execution_time": 0.17041587829589844, "passed": false}, "14": {"execution_time": 0.17198586463928223, "passed": true}, "15": {"execution_time": 0.20064282417297363, "passed": false}, "16": {"execution_time": 0.18763303756713867, "passed": true}, "17": {"execution_time": 0.23602509498596191, "passed": true}, "18": {"execution_time": 0.21918201446533203, "passed": true}, "19": {"execution_time": 0.24016380310058594, "passed": true}, "20": {"execution_time": 0.24907851219177246, "passed": true}, "21": {"execution_time": 0.17186665534973145, "passed": true}, "22": {"execution_time": 0.25028371810913086, "passed": true}, "23": {"execution_time": 0.2594118118286133, "passed": true}}}, "check_style_score": "0/1"}