{"version": "1", "message": "ERROR: Hidden Testcases server unreachable.", "problem_id": "ads2_m16_a1_1", "user_id": "jprasanthkumar28", "score": {"sample": {"0": {"execution_time": 0.31365394592285156, "passed": true}, "1": {"execution_time": 0.3404829502105713, "passed": true}, "2": {"execution_time": 0.838465690612793, "passed": true}, "3": {"execution_time": 0.881218671798706, "passed": true}, "4": {"execution_time": 0.8612744808197021, "passed": true}, "5": {"execution_time": 0.8830986022949219, "passed": true}, "6": {"execution_time": 0.8641138076782227, "passed": true}, "7": {"execution_time": 0.8290905952453613, "passed": true}, "8": {"execution_time": 0.416095495223999, "passed": true}, "9": {"execution_time": 0.8386704921722412, "passed": true}, "10": {"execution_time": 0.8249099254608154, "passed": true}, "11": {"execution_time": 5.4180450439453125, "passed": true}, "12": {"execution_time": 0.8580155372619629, "passed": true}, "13": {"execution_time": 0.3196263313293457, "passed": true}, "14": {"execution_time": 0.9368343353271484, "passed": true}, "15": {"execution_time": 0.8432440757751465, "passed": true}, "16": {"execution_time": 0.3637583255767822, "passed": true}, "17": {"execution_time": 0.38427186012268066, "passed": true}, "18": {"execution_time": 0.40651941299438477, "passed": true}, "19": {"execution_time": 0.404681921005249, "passed": true}, "20": {"execution_time": 0.422076940536499, "passed": true}, "21": {"execution_time": 0.37490367889404297, "passed": true}, "22": {"execution_time": 0.3819427490234375, "passed": true}, "23": {"execution_time": 0.40053820610046387, "passed": true}, "24": {"execution_time": 0.2481098175048828, "passed": true}, "25": {"execution_time": 0.967940092086792, "passed": true}, "26": {"execution_time": 0.6905474662780762, "passed": true}, "27": {"execution_time": 0.8897042274475098, "passed": true}, "28": {"execution_time": 1.4630131721496582, "passed": true}, "29": {"execution_time": 0.2994966506958008, "passed": true}}}, "check_style_score": "0/1"}