{"version": "1", "message": "ERROR: Hidden Testcases server unreachable.", "problem_id": "ads2_m16_a1_1", "user_id": "jprasanthkumar28", "score": {"sample": {"0": {"execution_time": 0.32573437690734863, "passed": true}, "1": {"execution_time": 0.314223051071167, "passed": true}, "2": {"execution_time": 0.8425986766815186, "passed": true}, "3": {"execution_time": 0.8285887241363525, "passed": true}, "4": {"execution_time": 0.8270890712738037, "passed": true}, "5": {"execution_time": 0.8784976005554199, "passed": true}, "6": {"execution_time": 0.863133430480957, "passed": true}, "7": {"execution_time": 0.8603932857513428, "passed": true}, "8": {"execution_time": 0.4215519428253174, "passed": true}, "9": {"execution_time": 0.8605465888977051, "passed": true}, "10": {"execution_time": 0.8294968605041504, "passed": true}, "11": {"execution_time": 5.012903451919556, "passed": true}, "12": {"execution_time": 0.8813583850860596, "passed": true}, "13": {"execution_time": 0.2806706428527832, "passed": true}, "14": {"execution_time": 0.827538013458252, "passed": true}, "15": {"execution_time": 0.8542287349700928, "passed": true}, "16": {"execution_time": 0.36941957473754883, "passed": true}, "17": {"execution_time": 0.3622574806213379, "passed": true}, "18": {"execution_time": 0.3767678737640381, "passed": true}, "19": {"execution_time": 0.40428733825683594, "passed": true}, "20": {"execution_time": 0.4506535530090332, "passed": true}, "21": {"execution_time": 0.36776137351989746, "passed": true}, "22": {"execution_time": 0.39628148078918457, "passed": true}, "23": {"execution_time": 0.38027071952819824, "passed": true}, "24": {"execution_time": 0.26518797874450684, "passed": true}, "25": {"execution_time": 0.8886313438415527, "passed": true}, "26": {"execution_time": 0.7763164043426514, "passed": true}, "27": {"execution_time": 0.8731200695037842, "passed": true}, "28": {"execution_time": 1.399397611618042, "passed": true}, "29": {"execution_time": 0.25318098068237305, "passed": true}}}, "check_style_score": "1/1"}