{"version": "1", "message": "ERROR: Hidden Testcases server unreachable.", "problem_id": "ads2_m16_a1_1", "user_id": "jprasanthkumar28", "score": {"sample": {"0": {"execution_time": 0.31385254859924316, "passed": true}, "1": {"execution_time": 0.3425559997558594, "passed": true}, "2": {"execution_time": 0.8453283309936523, "passed": true}, "3": {"execution_time": 0.828211784362793, "passed": true}, "4": {"execution_time": 0.7800464630126953, "passed": true}, "5": {"execution_time": 0.8594269752502441, "passed": true}, "6": {"execution_time": 0.8285531997680664, "passed": true}, "7": {"execution_time": 0.858842134475708, "passed": true}, "8": {"execution_time": 0.40540170669555664, "passed": true}, "9": {"execution_time": 0.8425981998443604, "passed": true}, "10": {"execution_time": 0.8277812004089355, "passed": true}, "11": {"execution_time": 4.917666912078857, "passed": true}, "12": {"execution_time": 0.8746218681335449, "passed": true}, "13": {"execution_time": 0.2951333522796631, "passed": true}, "14": {"execution_time": 0.8157615661621094, "passed": true}, "15": {"execution_time": 0.8451409339904785, "passed": true}, "16": {"execution_time": 0.37486934661865234, "passed": true}, "17": {"execution_time": 0.4867362976074219, "passed": true}, "18": {"execution_time": 0.37493228912353516, "passed": true}, "19": {"execution_time": 0.4058377742767334, "passed": true}, "20": {"execution_time": 0.4297018051147461, "passed": true}, "21": {"execution_time": 0.3904533386230469, "passed": true}, "22": {"execution_time": 0.3589301109313965, "passed": true}, "23": {"execution_time": 0.3907930850982666, "passed": true}, "24": {"execution_time": 0.2657194137573242, "passed": true}, "25": {"execution_time": 0.8917226791381836, "passed": true}, "26": {"execution_time": 0.734442949295044, "passed": true}, "27": {"execution_time": 0.9066996574401855, "passed": true}, "28": {"execution_time": 1.3423514366149902, "passed": true}, "29": {"execution_time": 0.2648022174835205, "passed": true}}}, "check_style_score": "1/1"}