{"version": "1", "message": "ERROR: Hidden Testcases server unreachable.", "problem_id": "ads2_m6_a1_1", "user_id": "jprasanthkumar28", "score": {"sample": {"0": {"execution_time": 0.2399139404296875, "passed": false}, "1": {"execution_time": 0.28920555114746094, "passed": false}, "2": {"execution_time": 0.21865487098693848, "passed": false}, "3": {"execution_time": 0.22939705848693848, "passed": false}, "4": {"execution_time": 0.19156813621520996, "passed": false}, "5": {"execution_time": 0.17387056350708008, "passed": false}, "6": {"execution_time": 0.23871421813964844, "passed": false}, "7": {"execution_time": 0.17925119400024414, "passed": false}, "8": {"execution_time": 0.22132635116577148, "passed": false}, "9": {"execution_time": 0.1775345802307129, "passed": false}, "10": {"execution_time": 0.22283267974853516, "passed": false}, "11": {"execution_time": 0.22066187858581543, "passed": false}}}, "check_style_score": "1/1"}