{"version": "1", "message": "ERROR: Hidden Testcases server unreachable.", "problem_id": "ads2_m6_a1_1", "user_id": "jprasanthkumar28", "score": {"sample": {"0": {"execution_time": 0.25150275230407715, "passed": false}, "1": {"execution_time": 0.26285743713378906, "passed": false}, "2": {"execution_time": 0.293658971786499, "passed": false}, "3": {"execution_time": 0.26018381118774414, "passed": false}, "4": {"execution_time": 0.2521066665649414, "passed": false}, "5": {"execution_time": 0.263552188873291, "passed": false}, "6": {"execution_time": 0.2646505832672119, "passed": true}, "7": {"execution_time": 0.2622082233428955, "passed": false}, "8": {"execution_time": 0.25344300270080566, "passed": true}, "9": {"execution_time": 0.26604557037353516, "passed": false}, "10": {"execution_time": 0.24907660484313965, "passed": true}, "11": {"execution_time": 0.2644834518432617, "passed": false}}}, "check_style_score": "1/1"}