{"version": "1", "message": "ERROR: Hidden Testcases server unreachable.", "problem_id": "ads2_m6_a1_1", "user_id": "jprasanthkumar28", "score": {"sample": {"0": {"execution_time": 0.4385373592376709, "passed": false}, "1": {"execution_time": 0.2656595706939697, "passed": false}, "2": {"execution_time": 0.3003098964691162, "passed": false}, "3": {"execution_time": 0.2581820487976074, "passed": false}, "4": {"execution_time": 0.2571854591369629, "passed": false}, "5": {"execution_time": 0.26518940925598145, "passed": true}, "6": {"execution_time": 0.2586841583251953, "passed": true}, "7": {"execution_time": 0.25568222999572754, "passed": false}, "8": {"execution_time": 0.30071377754211426, "passed": true}, "9": {"execution_time": 0.2641875743865967, "passed": false}, "10": {"execution_time": 0.2536802291870117, "passed": true}, "11": {"execution_time": 0.25818586349487305, "passed": false}}}, "check_style_score": "1/1"}