{"version": "1", "message": "ERROR: Hidden Testcases server unreachable.", "problem_id": "ads2_m6_a1_1", "user_id": "jprasanthkumar28", "score": {"sample": {"0": {"execution_time": 0.3596310615539551, "passed": false}, "1": {"execution_time": 0.24567484855651855, "passed": false}, "2": {"execution_time": 0.2523386478424072, "passed": false}, "3": {"execution_time": 0.2782905101776123, "passed": false}, "4": {"execution_time": 0.2546806335449219, "passed": false}, "5": {"execution_time": 0.2636897563934326, "passed": false}, "6": {"execution_time": 0.3603968620300293, "passed": false}, "7": {"execution_time": 0.2776968479156494, "passed": false}, "8": {"execution_time": 0.26444482803344727, "passed": false}, "9": {"execution_time": 0.2678201198577881, "passed": false}, "10": {"execution_time": 0.25055599212646484, "passed": false}, "11": {"execution_time": 0.29843568801879883, "passed": false}}}, "check_style_score": "1/1"}