{"version": "1", "message": "ERROR: Hidden Testcases server unreachable.", "problem_id": "ads2_m6_a1_1", "user_id": "jprasanthkumar28", "score": {"sample": {"0": {"execution_time": 0.25613880157470703, "passed": false}, "1": {"execution_time": 0.3577759265899658, "passed": false}, "2": {"execution_time": 0.278003454208374, "passed": false}, "3": {"execution_time": 0.28047680854797363, "passed": false}, "4": {"execution_time": 0.2662019729614258, "passed": false}, "5": {"execution_time": 0.26533007621765137, "passed": true}, "6": {"execution_time": 0.26395297050476074, "passed": true}, "7": {"execution_time": 0.26821279525756836, "passed": false}, "8": {"execution_time": 0.2809429168701172, "passed": true}, "9": {"execution_time": 0.2668187618255615, "passed": false}, "10": {"execution_time": 0.2588810920715332, "passed": true}, "11": {"execution_time": 0.2593047618865967, "passed": false}}}, "check_style_score": "1/1"}