{"version": "1", "message": "ERROR: Hidden Testcases server unreachable.", "problem_id": "ads2_m6_a1_1", "user_id": "jprasanthkumar28", "score": {"sample": {"0": {"execution_time": 0.2650637626647949, "passed": false}, "1": {"execution_time": 0.2622075080871582, "passed": false}, "2": {"execution_time": 0.26982617378234863, "passed": false}, "3": {"execution_time": 0.26546669006347656, "passed": false}, "4": {"execution_time": 0.26847314834594727, "passed": false}, "5": {"execution_time": 0.2584857940673828, "passed": false}, "6": {"execution_time": 0.26601290702819824, "passed": true}, "7": {"execution_time": 0.24917864799499512, "passed": false}, "8": {"execution_time": 0.28200507164001465, "passed": true}, "9": {"execution_time": 0.25621771812438965, "passed": false}, "10": {"execution_time": 0.2696516513824463, "passed": true}, "11": {"execution_time": 0.2640542984008789, "passed": false}}}, "check_style_score": "1/1"}