{"version": "1", "message": "ERROR: Hidden Testcases server unreachable.", "problem_id": "ads2_m6_a1_1", "user_id": "jprasanthkumar28", "score": {"sample": {"0": {"execution_time": 0.2968885898590088, "passed": false}, "1": {"execution_time": 0.2665882110595703, "passed": false}, "2": {"execution_time": 0.28477978706359863, "passed": false}, "3": {"execution_time": 0.2669639587402344, "passed": false}, "4": {"execution_time": 0.26871633529663086, "passed": false}, "5": {"execution_time": 0.2651560306549072, "passed": false}, "6": {"execution_time": 0.26741480827331543, "passed": false}, "7": {"execution_time": 0.282822847366333, "passed": false}, "8": {"execution_time": 0.2529013156890869, "passed": false}, "9": {"execution_time": 0.2988276481628418, "passed": false}, "10": {"execution_time": 0.26722288131713867, "passed": false}, "11": {"execution_time": 0.2818431854248047, "passed": false}}}, "check_style_score": "1/1"}