{"version": "1", "message": "ERROR: Hidden Testcases server unreachable.", "problem_id": "ads2_m6_a1_1", "user_id": "jprasanthkumar28", "score": {"sample": {"0": {"execution_time": 0.269606351852417, "passed": false}, "1": {"execution_time": 0.25582218170166016, "passed": false}, "2": {"execution_time": 0.2591838836669922, "passed": false}, "3": {"execution_time": 0.26221513748168945, "passed": false}, "4": {"execution_time": 0.4483187198638916, "passed": false}, "5": {"execution_time": 0.28220343589782715, "passed": true}, "6": {"execution_time": 0.2927095890045166, "passed": true}, "7": {"execution_time": 0.30560302734375, "passed": false}, "8": {"execution_time": 0.2644782066345215, "passed": true}, "9": {"execution_time": 0.2587401866912842, "passed": false}, "10": {"execution_time": 0.27669739723205566, "passed": true}, "11": {"execution_time": 0.2616453170776367, "passed": false}}}, "check_style_score": "1/1"}