{"version": "1", "message": "ERROR: Hidden Testcases server unreachable.", "problem_id": "ads2_m6_a1_1", "user_id": "jprasanthkumar28", "score": {"sample": {"0": {"execution_time": 0.17112112045288086, "passed": false}, "1": {"execution_time": 0.18412995338439941, "passed": false}, "2": {"execution_time": 0.19109702110290527, "passed": false}, "3": {"execution_time": 0.18012762069702148, "passed": false}, "4": {"execution_time": 0.1971602439880371, "passed": false}, "5": {"execution_time": 0.18262982368469238, "passed": false}, "6": {"execution_time": 0.2036449909210205, "passed": false}, "7": {"execution_time": 0.1756443977355957, "passed": false}, "8": {"execution_time": 0.1751244068145752, "passed": false}, "9": {"execution_time": 0.2297818660736084, "passed": false}, "10": {"execution_time": 0.17535400390625, "passed": false}, "11": {"execution_time": 0.1791541576385498, "passed": false}}}, "check_style_score": "1/1"}