{"version": "1", "message": "ERROR: Hidden Testcases server unreachable.", "problem_id": "ads2_m6_a1_1", "user_id": "jprasanthkumar28", "score": {"sample": {"0": {"execution_time": 0.17087268829345703, "passed": false}, "1": {"execution_time": 0.2073667049407959, "passed": false}, "2": {"execution_time": 0.17061257362365723, "passed": false}, "3": {"execution_time": 0.17202258110046387, "passed": false}, "4": {"execution_time": 0.17051100730895996, "passed": false}, "5": {"execution_time": 0.24435639381408691, "passed": false}, "6": {"execution_time": 0.17102766036987305, "passed": false}, "7": {"execution_time": 0.24370145797729492, "passed": false}, "8": {"execution_time": 0.28031158447265625, "passed": false}, "9": {"execution_time": 0.1760387420654297, "passed": false}, "10": {"execution_time": 0.252180814743042, "passed": false}, "11": {"execution_time": 0.17088055610656738, "passed": false}}}, "check_style_score": "1/1"}