{"version": "1", "message": "ERROR: Hidden Testcases server unreachable.", "problem_id": "ads2_m6_a1_1", "user_id": "jprasanthkumar28", "score": {"sample": {"0": {"execution_time": 0.9453308582305908, "passed": false}, "1": {"execution_time": 0.2452712059020996, "passed": false}, "2": {"execution_time": 0.22331738471984863, "passed": false}, "3": {"execution_time": 0.22069454193115234, "passed": false}, "4": {"execution_time": 0.23615407943725586, "passed": false}, "5": {"execution_time": 0.2526369094848633, "passed": false}, "6": {"execution_time": 0.23613357543945312, "passed": false}, "7": {"execution_time": 0.21814751625061035, "passed": false}, "8": {"execution_time": 0.2323136329650879, "passed": false}, "9": {"execution_time": 0.2441246509552002, "passed": false}, "10": {"execution_time": 0.2276308536529541, "passed": false}, "11": {"execution_time": 0.23817205429077148, "passed": false}}}, "check_style_score": "1/1"}