{"version": "1", "message": "ERROR: Hidden Testcases server unreachable.", "problem_id": "ads2_m6_a1_1", "user_id": "jprasanthkumar28", "score": {"sample": {"0": {"execution_time": 0.2541835308074951, "passed": false}, "1": {"execution_time": 0.2617053985595703, "passed": false}, "2": {"execution_time": 0.2566826343536377, "passed": false}, "3": {"execution_time": 0.2767000198364258, "passed": false}, "4": {"execution_time": 0.26218509674072266, "passed": false}, "5": {"execution_time": 0.2686910629272461, "passed": true}, "6": {"execution_time": 0.2611861228942871, "passed": true}, "7": {"execution_time": 0.26768946647644043, "passed": false}, "8": {"execution_time": 0.25818324089050293, "passed": true}, "9": {"execution_time": 0.26268625259399414, "passed": false}, "10": {"execution_time": 0.252180814743042, "passed": true}, "11": {"execution_time": 0.2832014560699463, "passed": false}}}, "check_style_score": "1/1"}