{"version": "1", "message": "ERROR: Hidden Testcases server unreachable.", "problem_id": "ads2_m6_a1_1", "user_id": "jprasanthkumar28", "score": {"sample": {"0": {"execution_time": 0.2661709785461426, "passed": false}, "1": {"execution_time": 0.3293330669403076, "passed": false}, "2": {"execution_time": 0.26519060134887695, "passed": false}, "3": {"execution_time": 0.3111255168914795, "passed": false}, "4": {"execution_time": 0.2653923034667969, "passed": false}, "5": {"execution_time": 0.3135387897491455, "passed": false}, "6": {"execution_time": 0.3249962329864502, "passed": true}, "7": {"execution_time": 0.4375641345977783, "passed": false}, "8": {"execution_time": 0.2640392780303955, "passed": false}, "9": {"execution_time": 0.26454997062683105, "passed": false}, "10": {"execution_time": 0.310347318649292, "passed": true}, "11": {"execution_time": 0.2645590305328369, "passed": false}}}, "check_style_score": "1/1"}