{"version": "1", "message": "ERROR: Hidden Testcases server unreachable.", "problem_id": "ads2_m6_a1_1", "user_id": "jprasanthkumar28", "score": {"sample": {"0": {"execution_time": 0.2998361587524414, "passed": false}, "1": {"execution_time": 0.26268625259399414, "passed": false}, "2": {"execution_time": 0.3049955368041992, "passed": false}, "3": {"execution_time": 0.2657127380371094, "passed": false}, "4": {"execution_time": 0.25874781608581543, "passed": false}, "5": {"execution_time": 0.2683095932006836, "passed": false}, "6": {"execution_time": 0.2672872543334961, "passed": true}, "7": {"execution_time": 0.2633991241455078, "passed": false}, "8": {"execution_time": 0.25217676162719727, "passed": true}, "9": {"execution_time": 0.2606852054595947, "passed": false}, "10": {"execution_time": 0.2493598461151123, "passed": true}, "11": {"execution_time": 0.27139902114868164, "passed": false}}}, "check_style_score": "1/1"}