{"version": "1", "message": "ERROR: Hidden Testcases server unreachable.", "problem_id": "ads2_m6_a1_1", "user_id": "jprasanthkumar28", "score": {"sample": {"0": {"execution_time": 0.266953706741333, "passed": false}, "1": {"execution_time": 0.2610604763031006, "passed": false}, "2": {"execution_time": 0.2591843605041504, "passed": false}, "3": {"execution_time": 0.34613513946533203, "passed": false}, "4": {"execution_time": 0.4002845287322998, "passed": false}, "5": {"execution_time": 0.29070448875427246, "passed": true}, "6": {"execution_time": 0.3412439823150635, "passed": true}, "7": {"execution_time": 0.4628288745880127, "passed": false}, "8": {"execution_time": 0.28370141983032227, "passed": true}, "9": {"execution_time": 0.2525489330291748, "passed": false}, "10": {"execution_time": 0.25107502937316895, "passed": true}, "11": {"execution_time": 0.3381624221801758, "passed": false}}}, "check_style_score": "1/1"}