{"version": "1", "message": "ERROR: Hidden Testcases server unreachable.", "problem_id": "ads2_m6_a1_1", "user_id": "jprasanthkumar28", "score": {"sample": {"0": {"execution_time": 0.271726131439209, "passed": false}, "1": {"execution_time": 0.2667508125305176, "passed": false}, "2": {"execution_time": 0.35125112533569336, "passed": false}, "3": {"execution_time": 0.42528510093688965, "passed": false}, "4": {"execution_time": 0.2521789073944092, "passed": false}, "5": {"execution_time": 0.25768280029296875, "passed": false}, "6": {"execution_time": 0.2581353187561035, "passed": false}, "7": {"execution_time": 0.24813461303710938, "passed": false}, "8": {"execution_time": 0.2583627700805664, "passed": false}, "9": {"execution_time": 0.25505566596984863, "passed": false}, "10": {"execution_time": 0.25733184814453125, "passed": false}, "11": {"execution_time": 0.2665884494781494, "passed": false}}}, "check_style_score": "1/1"}