{"version": "1", "message": "ERROR: Hidden Testcases server unreachable.", "problem_id": "ads2_m6_a1_1", "user_id": "jprasanthkumar28", "score": {"sample": {"0": {"execution_time": 0.24204587936401367, "passed": false}, "1": {"execution_time": 0.22263050079345703, "passed": false}, "2": {"execution_time": 0.23781967163085938, "passed": false}, "3": {"execution_time": 0.22215557098388672, "passed": false}, "4": {"execution_time": 0.22118163108825684, "passed": false}, "5": {"execution_time": 0.22196722030639648, "passed": false}, "6": {"execution_time": 0.21695542335510254, "passed": false}, "7": {"execution_time": 0.22034621238708496, "passed": false}, "8": {"execution_time": 0.22298669815063477, "passed": false}, "9": {"execution_time": 0.25236058235168457, "passed": false}, "10": {"execution_time": 0.24393343925476074, "passed": false}, "11": {"execution_time": 0.2371826171875, "passed": false}}}, "check_style_score": "1/1"}