{"version": "1", "message": "ERROR: Hidden Testcases server unreachable.", "problem_id": "ads2_m6_a1_1", "user_id": "jprasanthkumar28", "score": {"sample": {"0": {"execution_time": 0.26365017890930176, "passed": false}, "1": {"execution_time": 0.26615118980407715, "passed": false}, "2": {"execution_time": 0.28595542907714844, "passed": false}, "3": {"execution_time": 0.28325510025024414, "passed": false}, "4": {"execution_time": 0.265094518661499, "passed": false}, "5": {"execution_time": 0.26928019523620605, "passed": false}, "6": {"execution_time": 0.26680517196655273, "passed": false}, "7": {"execution_time": 0.27040624618530273, "passed": false}, "8": {"execution_time": 0.2706911563873291, "passed": false}, "9": {"execution_time": 0.29587721824645996, "passed": false}, "10": {"execution_time": 0.2510983943939209, "passed": false}, "11": {"execution_time": 0.28246331214904785, "passed": false}}}, "check_style_score": "1/1"}