{"version": "1", "message": "ERROR: Hidden Testcases server unreachable.", "problem_id": "ads2_m6_a1_1", "user_id": "jprasanthkumar28", "score": {"sample": {"0": {"execution_time": 0.28258824348449707, "passed": false}, "1": {"execution_time": 0.28463125228881836, "passed": false}, "2": {"execution_time": 0.2713656425476074, "passed": false}, "3": {"execution_time": 0.2972409725189209, "passed": false}, "4": {"execution_time": 0.2591209411621094, "passed": false}, "5": {"execution_time": 0.2615847587585449, "passed": true}, "6": {"execution_time": 0.31194424629211426, "passed": true}, "7": {"execution_time": 0.26630330085754395, "passed": false}, "8": {"execution_time": 0.3004131317138672, "passed": true}, "9": {"execution_time": 0.26975131034851074, "passed": false}, "10": {"execution_time": 0.254380464553833, "passed": true}, "11": {"execution_time": 0.2665674686431885, "passed": false}}}, "check_style_score": "1/1"}