{"version": "1", "message": "ERROR: Hidden Testcases server unreachable.", "problem_id": "ads2_m6_a1_1", "user_id": "jprasanthkumar28", "score": {"sample": {"0": {"execution_time": 0.2677733898162842, "passed": false}, "1": {"execution_time": 0.2669675350189209, "passed": false}, "2": {"execution_time": 0.2681913375854492, "passed": false}, "3": {"execution_time": 0.3347928524017334, "passed": false}, "4": {"execution_time": 0.2934839725494385, "passed": false}, "5": {"execution_time": 0.26696205139160156, "passed": false}, "6": {"execution_time": 0.2614457607269287, "passed": true}, "7": {"execution_time": 0.40222859382629395, "passed": false}, "8": {"execution_time": 0.39878296852111816, "passed": true}, "9": {"execution_time": 0.31472325325012207, "passed": false}, "10": {"execution_time": 0.4318075180053711, "passed": true}, "11": {"execution_time": 0.3812706470489502, "passed": false}}}, "check_style_score": "1/1"}