{"version": "1", "message": "ERROR: Hidden Testcases server unreachable.", "problem_id": "ads2_m6_a1_1", "user_id": "jprasanthkumar28", "score": {"sample": {"0": {"execution_time": 0.2644534111022949, "passed": false}, "1": {"execution_time": 0.261183500289917, "passed": false}, "2": {"execution_time": 0.2665538787841797, "passed": false}, "3": {"execution_time": 0.2566823959350586, "passed": false}, "4": {"execution_time": 0.34013986587524414, "passed": false}, "5": {"execution_time": 0.2586555480957031, "passed": false}, "6": {"execution_time": 0.2691919803619385, "passed": true}, "7": {"execution_time": 0.2639639377593994, "passed": false}, "8": {"execution_time": 0.30890536308288574, "passed": true}, "9": {"execution_time": 0.2578415870666504, "passed": false}, "10": {"execution_time": 0.25485968589782715, "passed": true}, "11": {"execution_time": 0.26526570320129395, "passed": false}}}, "check_style_score": "1/1"}