{"version": "1", "message": "ERROR: Hidden Testcases server unreachable.", "problem_id": "ads2_m6_a1_1", "user_id": "jprasanthkumar28", "score": {"sample": {"0": {"execution_time": 0.16911983489990234, "passed": false}, "1": {"execution_time": 0.1801290512084961, "passed": false}, "2": {"execution_time": 0.17562389373779297, "passed": false}, "3": {"execution_time": 0.18713903427124023, "passed": false}, "4": {"execution_time": 0.19031000137329102, "passed": false}, "5": {"execution_time": 0.18604731559753418, "passed": false}, "6": {"execution_time": 0.19115829467773438, "passed": false}, "7": {"execution_time": 0.18538999557495117, "passed": false}, "8": {"execution_time": 0.1773693561553955, "passed": false}, "9": {"execution_time": 0.18366408348083496, "passed": false}, "10": {"execution_time": 0.18013310432434082, "passed": false}, "11": {"execution_time": 0.20330214500427246, "passed": false}}}, "check_style_score": "1/1"}