{"version": "1", "message": "ERROR: Hidden Testcases server unreachable.", "problem_id": "ads2_m6_a1_1", "user_id": "jprasanthkumar28", "score": {"sample": {"0": {"execution_time": 0.2516782283782959, "passed": false}, "1": {"execution_time": 0.27419543266296387, "passed": false}, "2": {"execution_time": 0.2636871337890625, "passed": false}, "3": {"execution_time": 0.2636847496032715, "passed": false}, "4": {"execution_time": 0.2536797523498535, "passed": false}, "5": {"execution_time": 0.26468634605407715, "passed": true}, "6": {"execution_time": 0.2586846351623535, "passed": true}, "7": {"execution_time": 0.2636878490447998, "passed": false}, "8": {"execution_time": 0.2561819553375244, "passed": true}, "9": {"execution_time": 0.2586841583251953, "passed": false}, "10": {"execution_time": 0.2666895389556885, "passed": true}, "11": {"execution_time": 0.26569032669067383, "passed": false}}}, "check_style_score": "1/1"}